시군구,읍면동,인구(명),면적(㎢),세대수,인구밀도(인/㎢),평균 세대당 인수,자가주차장확보율,전통시장 수,일일차량 통행량,일일차량 평균속도,4m미만_도로폭(km),4~5.5m_도로폭(km),5.5~8m_도로폭(km),8~12m_도로폭(km),12m이상_도로폭(km),전체도로길이(km),4m미만_도로폭비율,연평균구급출동거리,연평균구급출동횟수,연평균구조출동거리,연평균구조출동횟수,연평균생활안전출동거리,연평균생활안전출동횟수,연평균화재출동거리,연평균화재출동횟수
군위군,군위읍,7800,84.07,4239,92.77982634,1.840056617,88.5,1,7199.606132,34.47751976,90.02681898,40.46640896,14.94039897,23.34654609,33.98583515,202.7660082,0.443993645,6.595448461,747,15.4875,16,4.283636364,55,5.6,13
군위군,소보면,2245,101.35,1425,22.15096201,1.575438596,88.5,0,2072.194329,34.21499521,61.59558454,33.00044283,13.2778631,34.72748962,18.63440638,161.2357865,0.382021795,15.94741379,232,27.2125,8,15.33333333,9,13,7
군위군,효령면,3612,98.43,2186,36.69612923,1.652333028,88.5,0,3333.971455,34.39109596,77.03164218,28.17806034,14.30757069,27.58738416,26.05739457,173.1620519,0.444852907,6.311013216,454,7.466666667,21,6.083333333,30,11.1,6
군위군,부계면,2048,64.81,1264,31.60006172,1.620253165,88.5,0,1890.358123,34.92244496,46.61338007,34.25969844,3.230450077,10.1523656,32.39911646,126.6550106,0.368034236,6.710089021,337,10.90322581,31,6.426666667,45,20,9
군위군,우보면,1962,59.83,1265,32.79291325,1.550988142,88.5,0,1810.97785,34.19980311,48.24298652,21.83130635,3.849192179,17.93877734,11.65162166,103.513884,0.466053293,8.454901961,204,12.09,10,9.315789474,19,9.3,9
군위군,의흥면,2236,54.26,1410,41.20899373,1.585815603,88.5,1,2063.887091,33.69831892,53.30090111,32.6303197,3.487424219,21.92018767,1.48414885,112.8229815,0.472429468,4.589849624,266,9.522222222,9,4.005882353,17,4.5,1
군위군,산성면,1197,36.99,785,32.36009732,1.524840764,88.5,0,1104.862633,34.20659483,39.19116654,9.992087502,5.494472604,14.85757784,8.938764481,78.47406897,0.499415502,6.745454545,165,20.33333333,3,9.5,10,17,1
군위군,삼국유사면,1294,114.6,864,11.29144852,1.497685185,88.5,0,1194.396197,34.33266557,95.39737504,45.94601982,13.43521194,34.51950139,30.53415287,219.832261,0.433955301,17.89212598,127,29.8,6,18,13,10,3
남구,이천동,14355,1.09,6869,13169.72477,2.089823846,69.3,0,11041.5,44.67574166,3.018289353,2.907733912,3.079300842,5.089699334,9.58220565,23.67722909,0.12747646,1.110028653,698,2.054545455,77,1.297297297,74,1.2,2
남구,봉덕1동,7953,0.49,4796,16230.61224,1.658256881,69.3,2,13216,29.64704473,1.161325655,2.206052108,3.058390907,3.104373195,5.939114212,15.46925608,0.075073142,2.332375979,516,2.02195122,64,1.555457227,76,1.5125,2
남구,봉덕2동,13068,3.06,5891,4270.588235,2.2182991,69.3,0,15028.5,55.35421584,1.908236345,3.624882302,5.025405806,5.100961765,9.758876464,25.41836268,0.075073142,2.332375979,848,2.02195122,106,1.555457227,125,1.5125,3
남구,봉덕3동,14409,2.69,7685,5356.505576,1.874951204,69.3,0,20941,32.69034627,2.104053987,3.996857139,5.541098275,5.624407565,10.76030387,28.02672084,0.075073142,2.332375979,935,2.02195122,117,1.555457227,138,1.5125,3
남구,대명1동,9511,0.45,5328,21135.55556,1.785097598,69.3,1,17692.5,42.46104918,0.446950587,2.135130595,7.020816344,6.978962758,4.531424122,21.11328441,0.021169164,1.831083664,745,1.424492234,92,0.993246753,84,2.193333333,3
남구,대명2동,11667,0.83,7117,14056.62651,1.639314318,69.3,2,16421,33.42343678,0.548267532,2.619132442,8.612329333,8.560988171,5.558629505,25.89934698,0.021169164,1.831083664,914,1.424492234,113,0.993246753,104,2.193333333,4
남구,대명3동,9374,0.94,5811,9972.340426,1.613147479,69.3,2,18888,29.11895214,0.440512544,2.104375376,6.919685881,6.878435169,4.466151794,20.80916076,0.021169164,1.831083664,735,1.424492234,90,0.993246753,83,2.193333333,3
남구,대명4동,9421,0.71,5451,13269.01408,1.728306733,69.3,1,20571.5,32.08401096,0.442721216,2.114926436,6.954380273,6.912922736,4.48854449,20.91349515,0.021169164,1.831083664,738,1.424492234,91,0.993246753,84,2.193333333,3
남구,대명5동,7355,0.92,4034,7994.565217,1.823252355,69.3,1,29691.5,26.96604217,0.345633642,1.651128749,5.429303355,5.396937344,3.504218738,16.32722183,0.021169164,1.831083664,576,1.424492234,71,0.993246753,65,2.193333333,3
남구,대명6동,10574,1.5,5769,7049.333333,1.832899983,69.3,1,29683,35.20130325,0.496904165,2.373764159,7.80550016,7.758968794,5.037880208,23.47301749,0.021169164,1.831083664,829,1.424492234,102,0.993246753,94,2.193333333,4
남구,대명9동,13383,3.38,7765,3959.467456,1.723502898,69.3,1,11181,56.0154823,0.62890755,3.004358401,9.879043753,9.820151255,6.376201137,29.7086621,0.021169164,1.831083664,1049,1.424492234,129,0.993246753,119,2.193333333,5
남구,대명10동,8116,0.5,4809,16232,1.687668954,69.3,0,21033,31.12338423,0.381395328,1.821966135,5.991057244,5.955342418,3.86678984,18.01655097,0.021169164,1.831083664,636,1.424492234,78,0.993246753,72,2.193333333,3
남구,대명11동,7373,0.87,4325,8474.712644,1.704739884,69.3,2,27808,27.14777429,0.346479516,1.65516958,5.442590569,5.410145349,3.512794664,16.36717968,0.021169164,1.831083664,578,1.424492234,71,0.993246753,65,2.193333333,3
달서구,성당동,20585,1.99,10156,10344.22111,2.026880662,86.1,2,6049,30.70888044,3.057857636,2.801518189,4.788875849,11.63038569,12.08781778,34.36645514,0.088977976,1.653444676,1437,1.688333333,120,1.213829787,188,1.5,4
달서구,두류1·2동,15690,1.33,9084,11796.99248,1.727212682,86.1,2,21434,29.16906565,4.913472508,5.25497622,5.973970962,8.11541452,3.352618368,27.61045258,0.177956971,1.444909831,1719,1.721428571,210,1.7875,248,2.725,8
달서구,두류3동,8980,1.12,4598,8017.857143,1.953023054,86.1,1,9249.5,29.69197305,0.541698356,2.360833769,2.115391553,3.850709758,3.839681864,12.7083153,0.042625505,1.444909831,1719,1.721428571,210,1.7875,248,2.725,8
달서구,본리동,22586,1.09,9566,20721.10092,2.361070458,86.1,1,14055,30.2133148,0.679598962,0.397539752,1.733914868,6.03128495,7.743050233,16.58538876,0.040975763,1.064456522,920,1.183870968,93,1.125263158,95,1.909895291,0
달서구,감삼동,30766,1.18,13434,26072.88136,2.290159297,86.1,0,29872,33.51674985,1.205872222,3.695823456,3.625996393,11.8712876,2.34506485,22.74404452,0.053019252,1.109987593,1612,1.936407767,206,1.554098361,183,1.3,3
달서구,죽전동,14436,0.74,7618,19508.10811,1.894985561,86.1,2,32970.5,29.7056018,0.557346352,3.054603332,3.613509687,10.27258055,1.57343763,19.07147755,0.029224078,0.930952381,546,1.821686747,83,1.591304348,69,1.909895291,0
달서구,장기동,15569,3.11,7041,5006.109325,2.211191592,86.1,0,18203,46.48528159,0.951233409,2.078915095,5.605088071,10.17517283,13.19618035,32.00658975,0.029719924,1.91031746,756,2.089285714,112,2.268027211,147,2.15,8
달서구,용산1동,28582,1.29,12521,22156.58915,2.282725022,86.1,1,5192,34.87858882,0.766308408,0.508616522,2.37449596,5.840901972,9.855424972,19.34574783,0.039611206,1.95497655,1016,2.743319838,131,2.283419689,102,2.04,3
달서구,용산2동,25397,1.32,11196,19240.15152,2.268399428,86.1,1,13035,27.66257616,0.680915774,0.451939466,2.109896924,5.190028248,8.757197817,17.18997823,0.039611206,1.95497655,903,2.743319838,116,2.283419689,91,2.04,2
달서구,이곡1동,20195,1.82,8940,11096.15385,2.258948546,86.1,0,15276.5,29.87935115,1.574062757,0.164248865,3.365132419,10.30754789,8.877223114,24.28821504,0.064807675,2.01729634,987,3.002380952,98,1.436190476,122,1.416666667,3
달서구,이곡2동,14468,2.04,6864,7092.156863,2.107808858,86.1,1,12685,34.26713268,1.127682098,0.117670343,2.410831187,7.384481451,6.35977539,17.40044047,0.064807675,2.01729634,707,3.002380952,70,1.436190476,88,1.416666667,3
달서구,신당동,28388,9.35,17178,3036.149733,1.65257888,86.1,1,6985,35.20367785,4.564852202,0.508641005,6.177691466,21.1211518,43.55686612,75.92920259,0.060119849,1.966029318,1569,2.671710526,152,2.006914894,188,2.1,13
달서구,월성1동,39795,2.18,13291,18254.58716,2.994131367,86.1,0,8281.5,24.60372172,2.332474385,1.67022173,2.229578582,7.371899999,42.60111071,56.20528541,0.0414992,1.268522227,1854,1.108163265,182,0.890526316,141,1.982352941,13
달서구,월성2동,13808,6.3,7965,2191.746032,1.733584432,86.1,1,9116,34.51490265,0.809317912,0.579530636,0.773615305,2.557889061,14.78165942,19.50201233,0.0414992,1.268522227,643,1.108163265,63,0.890526316,49,1.982352941,4
달서구,진천동,49917,5.11,21498,9768.493151,2.321936924,86.1,2,20213,28.9591789,6.135809413,4.537144524,5.184908542,19.27224206,16.36471688,51.49482142,0.119153912,1.578158295,1314,2.18974359,117,1.329452055,146,1.9,8
달서구,유천동,33200,1.25,10995,26560,3.019554343,86.1,0,21911.13945,33.10921508,0.777549047,0.786412346,1.420116662,3.964413894,4.908670043,11.85716199,0.06557632,1.813552361,487,3.3,60,2.34137931,58,1.65,2
달서구,상인1동,32762,1.39,12853,23569.78417,2.548976893,86.1,2,15951,37.16008657,1.878845551,1.440608579,3.695461321,8.790555131,12.56919923,28.37466981,0.066215592,1.912296342,1784,2.060740741,148,1.124786325,192,1.725,2
달서구,상인2동,17235,0.9,8773,19150,1.964550325,86.1,1,9993,27.01401425,0.988398238,0.757856323,1.944059455,4.624419073,6.612238223,14.92697131,0.066215592,1.912296342,938,2.060740741,78,1.124786325,101,1.725,1
달서구,상인3동,9754,3.68,5967,2650.543478,1.634657282,86.1,1,15703,58.8886404,0.559375481,0.428902267,1.100223727,2.617150197,3.742139346,8.447791018,0.066215592,1.912296342,531,2.060740741,44,1.124786325,57,1.725,1
달서구,도원동,31717,10.65,13671,2978.122066,2.320020481,86.1,2,9725,31.60904659,0.461381698,2.050657407,0.231343678,3.819597221,8.983691633,15.54667164,0.029677201,3.169059011,1254,1.993865031,163,1.03125,160,3.45,2
달서구,송현1동,16363,2.46,9379,6651.626016,1.744642286,86.1,2,12843.5,42.02642443,1.641472548,2.189513721,4.020338151,12.68207852,4.178210045,24.71161299,0.066425148,1.417061611,2532,1.794594595,222,1.470566038,265,1.771428571,7
달서구,송현2동,18176,0.97,9726,18738.14433,1.868805264,86.1,0,15441,30.73779832,1.82334566,2.432109111,4.465786605,14.08723701,4.641150509,27.4496289,0.066425148,1.328757576,3300,1.513650794,315,1.338483146,356,1.633333333,9
달서구,본동,11713,1.1,6226,10648.18182,1.881304208,86.1,1,19056,32.75730494,0.767716649,0.970547777,1.897913623,6.229966222,3.995875919,13.86202019,0.055382739,1.037630208,768,0.843010753,93,0.953846154,91,1.15,2
달성군,화원읍,46054,27.68,20265,1663.800578,2.272588206,92.5,1,5735,41.33471038,15.08490666,12.41155552,13.51955285,35.34171128,30.63087576,106.9886021,0.140995455,2.849976603,2137,4.783150183,273,2.105492424,528,2.7,6
달성군,논공읍,15355,43.89,8238,349.8519025,1.863923282,92.5,1,2625,43.99566543,29.8663788,20.71197707,15.13189877,32.0883101,59.74776566,157.5463304,0.189572037,2.347959969,1299,5.815789474,285,2.167573696,441,3.476,25
달성군,다사읍,90046,36.68,36104,2454.907306,2.494072679,92.5,0,481,32.4789503,30.40206311,14.22991378,17.53529589,38.23582037,50.30990323,150.7129964,0.201721576,1.7773596,3401,2.10982906,468,2.134285714,1120,3.632,25
달성군,유가읍,31155,57.25,12256,544.1921397,2.542020235,92.5,0,4269.446411,46.25500249,14.90443195,25.02399756,21.25231118,20.39095502,33.2938214,114.8655171,0.129755494,2.57711039,1232,2.715909091,264,2.212264151,424,3,15
달성군,옥포읍,22817,48.93,10719,466.3192316,2.128650061,92.5,0,3126.816201,46.24609735,27.47697099,19.8785484,19.77081561,30.37354152,39.53653336,137.0364099,0.200508544,2.595084609,1241,6.456779661,236,1.818540434,507,6,24
달성군,현풍읍,21434,24.57,11721,872.3646724,1.828683559,92.5,1,2937.291426,46.24609735,13.79744895,9.98193203,9.927834446,15.25195004,19.85310903,68.81227449,0.200508544,2.43,1560,2.794117647,340,2.076972281,469,3,16
달성군,가창면,6937,111.33,3556,62.31024881,1.950787402,92.5,0,7678.5,44.65981496,35.41011945,27.4608667,33.90650298,19.06042628,29.24666459,145.08458,0.244065354,3.532678822,713,5.801428571,70,5.083221477,298,4,8
달성군,하빈면,3236,38.2,1920,84.71204188,1.685416667,92.5,0,6925,53.37508409,36.15129942,23.8428271,31.3162105,26.43988846,8.531837641,126.2820631,0.286274222,7.517777778,405,6.688461538,78,4.558677686,242,9.4,13
달성군,구지면,18912,39.84,9005,474.6987952,2.100166574,92.5,0,1296.5,80.61366976,37.46043874,20.49013697,10.72815904,48.7302108,74.98202146,192.390967,0.194709966,3.529151292,1084,5.183908046,261,2.765249538,541,2.6,19
동구,신암1동,10978,0.6,5421,18296.66667,2.025087622,83.9,0,23929,30.90253956,4.723967563,0.27092574,1.248287709,3.378991999,2.716620937,12.33879395,0.382854887,1.418117798,574,1.406938776,45,1.24620462,56,2.228571429,1
동구,신암2동,11642,0.38,5215,30636.84211,2.23240652,83.9,0,3452.5,32.63106283,5.009694878,0.287312576,1.323789898,3.583368998,2.880934683,13.08510103,0.382854887,1.418117798,609,1.406938776,48,1.24620462,59,2.228571429,1
동구,신암3동,11307,0.6,5056,18845,2.236352848,83.9,0,21838,36.07202878,4.865540284,0.279045121,1.285697679,3.480257109,2.798035429,12.70857562,0.382854887,1.418117798,591,1.406938776,46,1.24620462,57,2.228571429,1
동구,신암4동,18364,1.16,9522,15831.03448,1.928586431,83.9,0,20204,38.28693843,7.902253628,0.453204617,2.088135861,5.652378309,4.5443639,20.64033631,0.382854887,1.418117798,961,1.406938776,75,1.24620462,93,2.228571429,2
동구,신암5동,7437,0.51,3762,14582.35294,1.976874003,83.9,1,8074,40.00282882,3.200231988,0.183537505,0.845647266,2.289083941,1.840363446,8.358864146,0.382854887,1.418117798,389,1.406938776,31,1.24620462,38,2.228571429,1
동구,신천1·2동,11308,0.48,5814,23558.33333,1.94496044,83.9,0,15753.5,36.42730966,6.430389465,0.524662407,0.142568667,2.870038293,1.840216856,11.80787569,0.544584787,1.09922813,2332,0.964622642,212,0.642051282,195,1.75,2
동구,신천3동,14236,0.7,6389,20337.14286,2.228204727,83.9,0,20394,31.53033675,7.135261617,1.374886817,1.648944725,3.062082431,5.463606142,18.68478173,0.381875567,1.09922813,1330,0.964622642,121,0.642051282,111,1.75,1
동구,신천4동,10725,0.78,6299,13750,1.702651214,83.9,0,14460,26.93253193,5.375504414,1.035800865,1.242268346,2.30688635,4.116126431,14.07658641,0.381875567,1.09922813,1002,0.964622642,91,0.642051282,84,1.75,1
동구,효목1동,11738,1.37,6484,8567.883212,1.810302283,83.9,0,12480,29.60957874,9.632460675,1.110489609,3.79266784,4.510414668,3.971016763,23.01704956,0.418492416,1.51998877,811,1.713559322,81,1.67133758,72,2.475,2
동구,효목2동,14030,0.72,7029,19486.11111,1.996016503,83.9,0,18277.5,35.90959942,11.51332623,1.327327417,4.53323648,5.391132884,4.746410393,27.5114334,0.418492416,1.51998877,970,1.713559322,96,1.67133758,85,2.475,2
동구,도평동,3546,20.73,2002,171.0564399,1.771228771,83.9,0,1663,73.60707183,17.9441448,6.335424719,1.912064524,2.987014367,22.25787466,51.43652307,0.348859988,4.09379845,258,5.421666667,60,2.070731707,82,6.22,5
동구,불로봉무동,19679,7.78,8561,2529.434447,2.298680061,83.9,0,19071.72445,37.88839876,11.46198777,2.74278414,3.651007571,4.90166039,9.817328119,32.57476799,0.351867058,2.014419373,1817,2.400816327,245,1.468297872,470,3.875,12
동구,지저동,12759,2.17,6589,5879.723502,1.936409167,83.9,1,9288,47.14050609,9.631307102,1.974294542,5.769363797,1.894651103,4.497750454,23.767367,0.405232397,2.048626817,619,2.081318681,91,2.850961538,104,2.5,4
동구,동촌동,14203,3.81,7531,3727.821522,1.885938122,83.9,0,17667.5,31.84874854,13.00008045,1.907767403,1.776880797,5.605786002,8.472693611,30.76320826,0.422585328,2.537173282,1033,1.885,140,0.942105263,133,1.475,4
동구,방촌동,17067,1.26,8080,13545.2381,2.112252475,83.9,1,20955.5,35.06347453,7.902968748,0.858822294,1.395877131,4.728793013,3.598631984,18.48509317,0.427531994,2.552207294,1563,2.720108696,184,2.214285714,245,1.75,6
동구,해안동,13415,13.3,6820,1008.646617,1.967008798,83.9,0,15136,84.25842183,23.17971865,5.622276957,10.25099845,8.432111906,25.02048858,72.50559454,0.319695588,2.734098361,1830,3.014859438,249,2.434246575,292,3.218181818,11
동구,안심1동,37824,3.3,19197,11461.81818,1.970307861,83.9,2,795,40.82368489,8.346130604,1.852114293,5.162983048,6.453884957,18.17747861,39.99259151,0.208691917,1.90471246,2504,1.2468,250,0.97122807,285,1.485714286,7
동구,안심2동,16775,13.63,7654,1230.741012,2.191664489,83.9,1,18942,45.15181204,3.70152128,0.821415431,2.289790626,2.862307534,8.061738675,17.73677355,0.208691917,2.995136418,843,3.179545455,132,3.329957806,237,5.6,10
동구,안심3동,20026,6.1,8465,3282.95082,2.365741288,83.9,0,19408.01636,38.72110541,4.418877207,0.980605987,2.733552731,3.417023587,9.624106033,21.17416554,0.208691917,3.007214048,2107,3.726609442,233,3.296542553,376,2.513333333,15
동구,안심4동,26647,2.53,11726,10532.41107,2.272471431,83.9,0,25824.69848,38.72110541,5.879847245,1.304814128,3.637320465,4.546760587,12.80602983,28.17477226,0.208691917,2.672390852,2405,2.669387755,245,2.155672269,476,1.628571429,7
동구,혁신동,16820,16.41,8252,1024.984765,2.038293747,83.9,0,16300.95052,37.88839876,24.17624926,5.785229786,7.700904145,10.33884923,20.7072435,68.70847592,0.351867058,3.140829694,2290,3.512757202,243,2.680373832,535,2.44,10
동구,공산동,20042,83.79,9550,239.1932211,2.098638743,83.9,0,6143.5,45.16665409,72.86449915,27.16885401,21.02880772,22.04191742,51.83960726,194.9436856,0.373772041,4.439732143,1344,7.327272727,220,4.576396396,555,6.945454545,11
북구,고성동,13009,0.53,5549,24545.28302,2.344386376,85.1,0,9286,32.34753748,1.282749917,2.302594761,2.001561344,1.739559707,2.515644451,9.84211018,0.130332814,0.940618557,485,1.023076923,52,0.873684211,38,1.35,2
북구,칠성동,22583,1.33,10515,16979.69925,2.147693771,85.1,8,6851,31.37618961,9.144277792,2.396143918,1.531860736,6.44384777,12.09646743,31.61259765,0.289260563,0.689005236,1337,0.938596491,114,0.866878981,157,1.3,1
북구,침산1동,3532,1.24,1899,2848.387097,1.859926277,85.1,0,17784,48.73758854,1.207727641,0.516116279,0.608923332,1.20270363,1.524972366,5.060443248,0.238660446,1.432291105,166,1.418396226,19,1.026136364,24,2.042857143,1
북구,침산2동,17915,0.99,7115,18095.9596,2.517919888,85.1,0,13793,32.20798686,6.125832586,2.61784347,3.088579131,6.100349813,7.734960342,25.66756534,0.238660446,1.432291105,842,1.418396226,96,1.026136364,120,2.042857143,3
북구,침산3동,18036,1.07,7353,16856.07477,2.452876377,85.1,0,15605,41.012913,6.167207174,2.635524691,3.109439755,6.141552288,7.787203167,25.84092708,0.238660446,1.432291105,847,1.418396226,97,1.026136364,121,2.042857143,3
북구,노원동,7712,0.91,4737,8474.725275,1.628034621,85.1,2,14056.5,38.36597265,8.958366927,2.337885877,12.59564683,20.56586486,15.12221959,59.57998408,0.150358666,1.086877828,1105,1.797794118,136,1.272727273,176,1.425,8
북구,산격1동,9663,2.29,4565,4219.650655,2.116757941,85.1,0,13449,47.28094227,5.777720088,4.063390292,6.943594997,2.575375572,7.596421407,26.95650236,0.214334932,1.572780833,768,2.36,74,1.341388889,109,2.073684211,6
북구,산격2동,8209,0.8,5790,10261.25,1.417789292,85.1,6,16592,32.36621585,4.90834153,3.451968427,5.898786229,2.187856574,6.453381282,22.90033404,0.214334932,1.572780833,652,2.36,63,1.341388889,92,2.073684211,5
북구,산격3동,7207,0.74,4122,9739.189189,1.748423096,85.1,1,15946,27.84853828,4.309223706,3.030617183,5.178773584,1.920804279,5.665674126,20.10509288,0.214334932,1.572780833,573,2.36,55,1.341388889,81,2.073684211,4
북구,산격4동,6962,0.39,5056,17851.28205,1.376977848,85.1,0,14261,33.09888148,4.162732821,2.927592178,5.002722588,1.855507061,5.473071079,19.42162573,0.214334932,1.572780833,553,2.36,53,1.341388889,78,2.073684211,4
북구,복현1동,29093,1.86,12680,15641.39785,2.294400631,85.1,1,14542,36.64280268,3.976510916,4.318650664,4.505540953,3.848042347,4.686622423,21.3353673,0.186381179,1.004860186,975,2.226797386,99,0.845414847,149,1.985714286,5
북구,복현2동,15721,1.22,8672,12886.06557,1.812845941,85.1,0,10719,26.18966313,2.148789335,2.333671574,2.434661579,2.079368705,2.53251267,11.52900386,0.186381179,1.004860186,527,2.226797386,54,0.845414847,80,1.985714286,2
북구,대현동,5621,3.81,3050,1475.328084,1.84295082,85.1,2,19318,35.23629665,8.610516582,5.274482452,3.544814397,3.749096711,5.387914038,26.56682418,0.324107862,0.874659686,955,1.395238095,63,0.883035714,112,1.05,4
북구,검단동,33279,23.25,14786,1431.354839,2.250710131,85.1,0,69870.5,93.06630877,8.316946971,3.35417559,4.441061615,2.367251134,24.82001241,43.29944772,0.192079747,2.064285714,420,3.402173913,46,1.686075949,79,1.7,7
북구,무태조야동,32719,14.63,13954,2236.431989,2.344775692,85.1,1,20477,51.59762113,12.73423312,8.87115641,2.2863568,28.52279277,30.49713788,82.91167698,0.153587933,2.227121771,1626,4.535658915,129,4.136231884,69,2.38,10
북구,관문동,21313,2.7,10914,7893.703704,1.952812901,85.1,0,5467,55.78987732,15.45967529,4.997145578,5.644901659,16.0799388,33.00020978,75.18187111,0.205630361,2.175791557,1516,3.373142857,175,2.284,300,3.333333333,6
북구,태전1동,22081,1.71,10389,12912.8655,2.125421118,85.1,1,8683.5,40.45425198,2.834466377,1.363153073,3.408777086,6.812035533,6.209413604,20.62784567,0.137409714,1.846798918,920,3.232061069,54,2.350530035,117,2.12,6
북구,태전2동,31154,4.41,13027,7064.399093,2.391494588,85.1,0,6587.5,31.65478289,3.999137969,1.923267553,4.809430793,9.611075359,8.760838342,29.10375002,0.137409714,1.846798918,1298,3.232061069,77,2.350530035,166,2.12,9
북구,구암동,14233,3,7019,4744.333333,2.027781735,85.1,1,3678,29.57957336,1.536088882,1.059189023,5.355055103,6.623469538,8.778819654,23.3526222,0.065778004,1.697631134,1182,1.905747126,87,2.401863354,161,1.8,4
북구,관음동,25186,5.71,11667,4410.858144,2.158738322,85.1,1,10813.5,33.63195634,0.76298502,2.516576007,5.79600255,2.27804686,11.25235221,22.60596265,0.033751494,1.528754814,779,2.670909091,55,3.130263158,76,2.65,4
북구,읍내동,25208,1.12,10335,22507.14286,2.439090469,85.1,1,11927.5,36.84180168,4.461159473,1.774831667,9.163688714,9.255080273,13.12636816,37.78112829,0.118079043,2.060899067,1179,2.746153846,65,2.2064,125,2,6
북구,동천동,11139,3.05,5739,3652.131148,1.940930476,85.1,0,3561,29.74980428,2.785488742,0.00895882,0.293242696,4.064402308,12.40652035,19.55861292,0.142417499,0.883166515,1099,1.54875,80,2.82987013,77,1,1
북구,국우동,29741,17.19,13549,1730.133799,2.195069747,85.1,0,11644,47.70646507,11.43593994,8.125728008,3.521660786,16.80963397,27.7602496,67.6532123,0.169037649,2.186409156,699,2.835714286,56,2.841666667,72,2.1,5
서구,내당1동,9338,0.47,4686,19868.08511,1.992744345,61.7,0,31406.5,29.04780793,2.086187458,0.883427923,1.415224694,1.80303155,6.715618209,12.90348983,0.16167622,1.318164968,850,1.226890756,94,1.120454545,87,2.066666667,4
서구,내당2·3동,8123,0.65,4536,12496.92308,1.790784832,61.7,1,15857.5,30.74753983,6.992727672,1.609468163,1.989976616,0.890646749,8.427850466,19.91066967,0.351205047,1.318164968,2158,1.226890756,238,1.120454545,220,2.066666667,9
서구,내당4동,14380,0.75,7615,19173.33333,1.888378201,61.7,0,9616.5,28.26357923,3.212612513,1.360429806,2.179367221,2.776568183,10.34167807,19.87065579,0.16167622,1.318164968,1308,1.226890756,144,1.120454545,133,2.066666667,5
서구,비산1동,8092,0.64,4481,12643.75,1.805846909,61.7,1,16558,32.6546387,8.266472186,1.281493722,4.685242957,3.364039564,5.170965301,22.76821373,0.363070739,1.467284675,945,1.378717949,86,1.079097387,93,1.553333333,3
서구,비산2·3동,7855,0.49,4628,16030.61224,1.697277442,61.7,1,16846,34.67900249,11.83873324,0.255926673,4.388766167,3.547974902,4.063008624,24.09440961,0.491347721,1.467284675,4261,1.378717949,390,1.079097387,421,1.553333333,15
서구,비산4동,8564,0.39,4425,21958.97436,1.935367232,61.7,0,17001,32.28389881,8.748649012,1.356242243,4.958529497,3.560261348,5.472583642,24.09626574,0.363070739,1.467284675,1000,1.378717949,92,1.079097387,99,1.553333333,4
서구,비산5동,5014,0.28,3014,17907.14286,1.663570007,61.7,0,16890.5,26.98728832,5.12210721,0.794044676,2.903090483,2.084440728,3.20405586,14.10773896,0.363070739,1.467284675,585,1.378717949,54,1.079097387,58,1.553333333,2
서구,비산6동,6543,0.27,3547,24233.33333,1.844657457,61.7,0,11808.25414,31.80864591,6.684074087,1.036185544,3.788376751,2.720082905,4.181120361,18.40983965,0.363070739,1.467284675,764,1.378717949,70,1.079097387,75,1.553333333,3
서구,비산7동,8288,2.74,4904,3024.817518,1.69004894,61.7,0,15501,47.33359698,8.466698156,1.312533362,4.798726351,3.445521491,5.296213595,23.31969296,0.363070739,1.467284675,968,1.378717949,89,1.079097387,96,1.553333333,3
서구,평리1동,6449,0.39,3591,16535.89744,1.795878585,61.7,0,11638.61088,31.52867362,2.723920938,1.167182289,3.077832571,1.68991139,1.728892928,10.38774012,0.262224594,1.378677733,394,1.269781931,36,1.160745614,51,2.035714286,2
서구,평리2동,7087,0.29,3405,24437.93103,2.081350954,61.7,0,12790.01943,31.52867362,2.993398618,1.28265171,3.382322752,1.857094436,1.899932421,11.41539994,0.262224594,1.378677733,433,1.269781931,40,1.160745614,57,2.035714286,2
서구,평리3동,12370,0.77,6226,16064.93506,1.986829425,61.7,2,19203,34.01822154,5.224825864,2.238803676,5.903673267,3.241464397,3.316235932,19.92500314,0.262224594,1.378677733,756,1.269781931,69,1.160745614,99,2.035714286,3
서구,평리4동,15577,0.73,7986,21338.35616,1.950538442,61.7,2,27842.5,30.68893148,6.579394704,2.819227556,7.434237549,4.08183435,4.175990874,25.09068503,0.262224594,1.378677733,952,1.269781931,87,1.160745614,124,2.035714286,4
서구,평리5동,10267,0.42,4301,24445.2381,2.387119275,61.7,0,19628,30.77390091,4.336563229,1.858188953,4.900001086,2.690389245,2.752449015,16.53759153,0.262224594,1.378677733,627,1.269781931,58,1.160745614,82,2.035714286,3
서구,평리6동,5427,0.73,2697,7434.246575,2.012235818,61.7,0,18709,30.12966507,2.292249795,0.98221403,2.590075572,1.422104065,1.454908036,8.741551498,0.262224594,1.378677733,332,1.269781931,30,1.160745614,43,2.035714286,1
서구,상중이동,17472,6.71,8344,2603.874814,2.093959732,61.7,0,17938.5,36.86372355,6.43242071,3.494364732,10.94851887,22.40963491,21.34108344,64.62602266,0.099532981,1.520827286,1378,2.251442308,208,1.720532319,263,2.185,20
서구,원대동,10212,0.6,5314,17020,1.921716221,61.7,1,11429,25.46936167,6.351801526,0.252646964,4.684240703,1.808455619,5.688853643,18.78599845,0.338113598,1.199385561,651,1.542857143,63,1.191666667,72,1.3,2
수성구,범어1동,21318,1.08,8189,19738.88889,2.60324826,87.1,0,28056.5,32.60412715,4.932540279,1.766783259,2.353508153,6.437123089,4.173840019,19.6637948,0.250843763,1.715942623,728,1.994945848,83,1.312356322,104,2.183333333,4
수성구,범어2동,14194,1.13,6663,12561.06195,2.130271649,87.1,0,11394,30.8090713,3.284195361,1.17636371,1.567018235,4.285980163,2.779035802,13.09259327,0.250843763,1.715942623,485,1.994945848,55,1.312356322,69,2.183333333,2
수성구,범어3동,17304,0.58,6701,29834.48276,2.582301149,87.1,0,32697,28.74252978,4.003784453,1.434112839,1.910362374,5.225066982,3.387941068,15.96126772,0.250843763,1.715942623,591,1.994945848,67,1.312356322,84,2.183333333,3
수성구,범어4동,18660,1.08,6413,17277.77778,2.909714642,87.1,0,14197,33.28275728,4.317534553,1.546494775,2.060064835,5.634520913,3.653431595,17.21204667,0.250843763,1.715942623,637,1.994945848,72,1.312356322,91,2.183333333,3
수성구,만촌1동,20639,2.88,8619,7166.319444,2.39459334,87.1,0,22350,35.19859319,5.354545822,4.935842091,2.925755017,7.652464888,9.430015918,30.29862374,0.176725711,1.501881188,761,2.082653061,74,1.059104478,126,2.2875,3
수성구,만촌2동,12897,1.62,5686,7961.111111,2.268202603,87.1,1,12161,36.9103875,3.345974973,3.084333323,1.828260209,4.78190996,5.892674805,18.93315327,0.176725711,1.501881188,475,2.082653061,46,1.059104478,79,2.2875,2
수성구,만촌3동,21283,1.78,7748,11956.74157,2.746902426,87.1,0,23067,47.13415973,5.521624048,5.089855478,3.017047532,7.891245225,9.724261291,31.24403357,0.176725711,1.501881188,784,2.082653061,76,1.059104478,130,2.2875,3
수성구,수성1가동,17161,0.58,7288,29587.93103,2.354692645,87.1,1,16877,41.49814317,4.650420082,0.297848321,0.753589044,4.190929524,2.301187197,12.19397417,0.381370341,1.418777293,687,2.456896552,58,1.222972973,74,1.75,2
수성구,수성2·3가동,10356,0.65,4230,15932.30769,2.44822695,87.1,2,13473.5,31.33833344,3.511139071,0.197184386,5.935193196,1.730425237,4.389060663,15.76300255,0.222745575,1.2792,500,1.997297297,37,0.817857143,56,1.2,1
수성구,수성4가동,13186,0.63,5685,20930.15873,2.319437115,87.1,0,14650,42.92957722,3.843227648,0.405238229,2.097985892,2.868634768,3.983312089,13.19839863,0.291188936,1.367296786,529,1.646666667,45,1.046478873,71,1.95,2
수성구,황금1동,21595,2.69,7977,8027.881041,2.707158079,87.1,0,14533,42.05267854,3.964723451,2.462036183,3.351895446,5.245823065,6.73288097,21.75735912,0.18222448,1.715257732,955,2.480451128,87,1.529411765,134,2.114285714,5
수성구,황금2동,11307,1.16,5812,9747.413793,1.945457674,87.1,1,17573,37.5633267,2.075903128,1.289105956,1.755030415,2.746678462,3.525292203,11.39201016,0.18222448,1.715257732,500,2.480451128,46,1.529411765,70,2.114285714,2
수성구,중동,14454,0.91,7058,15883.51648,2.04788892,87.1,0,14090,35.01312189,7.871259958,1.995160551,1.299047385,10.31204688,3.436350047,24.91386482,0.315938937,1.762468193,786,2.574545455,55,1.961,100,2.85,2
수성구,상동,14226,1.33,7306,10696.2406,1.947166712,87.1,0,15197,28.92969905,9.233344486,2.686928368,3.078698243,9.309608735,6.149335942,30.45791577,0.303150897,1.421712907,829,2.10617284,81,1.322302158,139,1.55,2
수성구,파동,15860,5.82,7353,2725.085911,2.156942744,87.1,0,2760,41.05723901,6.348843703,2.821178513,7.21425761,4.381822047,8.59516485,29.36126672,0.216231941,2.104892966,654,2.307142857,56,1.275,172,1.969993605,0
수성구,두산동,14770,1.97,7503,7497.461929,1.968545915,87.1,0,21842,34.04926012,4.087365901,2.684266416,3.644417302,8.624425458,6.700131221,25.7406063,0.158790584,1.479891304,1104,2.012837838,148,1.978865979,194,1.5,6
수성구,지산1동,18979,2.64,9948,7189.015152,1.907820667,87.1,1,16456,36.80901635,2.464956991,2.156686223,3.787899087,7.656008326,5.809823609,21.87537424,0.11268182,1.300189753,1068,0.745851528,116,0.896634615,211,1.76,3
수성구,지산2동,18486,1.97,8456,9383.756345,2.186140019,87.1,1,8305,44.37987041,2.400927074,2.100663972,3.689504322,7.45713525,5.658907173,21.30713779,0.11268182,1.300189753,1040,0.745851528,113,0.896634615,205,1.76,2
수성구,범물1동,9956,5.44,5719,1830.147059,1.740863787,87.1,0,19870,39.87884756,0.376728702,0.027275077,1.292677444,3.636000475,2.745157915,8.077839614,0.046637309,2.236289308,617,1.059281437,65,1.069298246,88,1.45,1
수성구,범물2동,15712,2.33,6489,6743.347639,2.421328402,87.1,0,6329,34.6877143,0.594532078,0.043043995,2.040030936,5.738131726,4.332254033,12.74799277,0.046637309,2.236289308,973,1.059281437,102,1.069298246,140,1.45,1
수성구,고산1동,31451,8.79,12266,3578.043231,2.56407957,87.1,1,9649,30.49060344,11.59761527,5.132290357,6.638253882,10.88758777,26.87651299,61.13226027,0.189713503,2.416033058,1210,2.401612903,124,1.382887701,187,1,5
수성구,고산2동,26004,24.47,10684,1062.689007,2.43391988,87.1,0,6949.5,49.10988096,9.589023796,4.243428776,5.488574416,9.001965987,22.22176859,50.54476156,0.189713503,2.023873641,1931,2.560902256,266,1.806018519,432,2.645454545,11
수성구,고산3동,29738,5.01,12241,5935.728543,2.429376685,87.1,0,16650.5,40.92540268,10.9659433,4.852756689,6.276696892,10.29458793,25.41266552,57.80265033,0.189713503,2.150652061,1917,2.116097561,205,1.059385666,293,2.65,8
중구,동인동,10157,0.99,5948,10259.59596,1.707632818,81.2,0,15201,33.92127366,1.831532864,0.067708409,3.5760516,12.38403482,9.197971785,27.05729948,0.067690897,1.312926829,820,1.782926829,82,1.393269231,104,3,5
중구,삼덕동,7290,0.64,4447,11390.625,1.639307398,81.2,0,14584,32.5214056,0.980060178,0.043771093,3.803636859,7.730526708,2.23706675,14.79506159,0.066242386,3.218518519,54,3.3875,16,2.796,25,4.2,3
중구,성내1동,5083,0.9,3736,5647.777778,1.360546039,81.2,2,20184,29.39780407,0.075796763,0.053582548,1.332651143,3.883771762,4.850371432,10.19617365,0.007433844,0.813105413,1404,1.403553299,197,1.156081081,148,2.1125,8
중구,성내2동,8323,0.76,4731,10951.31579,1.759247516,81.2,4,21464,31.40736145,0.124111048,0.087737074,2.182108098,6.359361081,7.942089599,16.6954069,0.007433844,0.779229481,1194,1.127058824,170,0.868888889,180,1.366666667,6
중구,성내3동,13391,0.79,5754,16950.63291,2.327250608,81.2,0,14783,32.07258451,0.199684133,0.141161499,3.51082657,10.23167178,12.77814752,26.8614915,0.007433844,2.286126894,2112,1.628975265,283,0.968847352,321,1.828571429,7
중구,대신동,7357,0.52,3276,14148.07692,2.245726496,81.2,8,15814,29.56303021,0.04443969,0.005617348,0.011836695,8.077326259,3.215323736,11.35454373,0.003913824,1.1360134,597,0.631147541,61,0.8816,125,1,1
중구,남산1동,5099,0.39,2778,13074.35897,1.835493161,81.2,0,15476,28.11952098,0.169997356,0.011865521,0.798447774,2.917258672,1.701273053,5.598842375,0.030362947,1.087643521,271,1.111507937,37,1.095,30,1.65,0
중구,남산2동,7164,0.38,3348,18852.63158,2.139784946,81.2,0,24897.5,29.18459677,0.238843117,0.016670836,1.121804246,4.098694082,2.390256943,7.866269224,0.030362947,1.087643521,381,1.111507937,52,1.095,42,1.65,0
중구,남산3동,5963,0.4,2714,14907.5,2.197126013,81.2,0,16529,36.08483068,0.198802556,0.013876074,0.933740748,3.411573536,1.989545247,6.54753816,0.030362947,1.087643521,317,1.111507937,44,1.095,35,1.65,0
중구,남산4동,16189,0.45,6919,35975.55556,2.339788987,81.2,0,11743,27.65184219,0.539730769,0.037672272,2.53502079,9.262110343,5.401433508,17.77596768,0.030362947,1.087643521,860,1.111507937,119,1.095,94,1.65,1
중구,대봉1동,7702,0.59,3506,13054.23729,2.196805476,81.2,1,17770.5,40.00635458,0.557104483,0.001807374,1.547536111,4.433652909,5.325900815,11.86600169,0.046949638,1.258899676,350,2.202272727,25,1.393103448,49,1.5,1
중구,대봉2동,5880,0.25,2559,23520,2.297772567,81.2,0,9050,26.56470029,0.42531477,0.001379818,1.181447979,3.384819411,4.065995429,9.058957407,0.046949638,1.258899676,268,2.202272727,19,1.393103448,38,1.5,1
